{"D_f": 1.984825945852736, "d": 0.39696518917054724, "Vd": 0.571809603946397, "F_B": 5741.83528698141, "F_W": 5741.83528698141, "m_platform": 585.3043105995321, "m_solar": 24.752822367920658, "m_struct": 429.08005966026565, "t_d": 0.09999999000004137, "S_w": 9.77023399145849, "P_move": 0.09999999013936355, "G_t": 46.00130320479174, "P_comms": 50.0, "E_move": 9.999999013936354e-05, "E_comms": 50.0, "E_required": 3.1500999999901396, "E_recharge": 3.1500999999901396, "P_recharge": 262.5083333325116, "A_solar": 2.475282236792066, "C": 5.294285714269142, "m_batt": 31.471428571345708, "v": 0.02466145284720914, "EN": 26.19527980944559, "h_f": 0.09000000100001637, "t_f": 0.09999999000001968, "t_s": 10.000000099995864, "D_s": 0.19207752158303035, "D_d": 0.2134194573145223}